ERRO,COMANDO,NOMECAT,IDPRODUTO,CODPROD,NOMEPROD,PESO,DESCRICAO,DESCRLONGA,DESCRURL,URLTARGET,ESTOQUE,ESTOQUEMINIMO,DISPONIVEL,ICMS,CUSTO,PRECO,PRECOPROM,PRECOB2B,PRECOB2BPROM,DATAPROMINICIO,DATAPROMFIM,LANCAMENTO,EMDESTAQUE,IMAGEMPROD,IMAGEMDET,IMAGEMAMP,ADICIONAL1,ADICIONAL2,ADICIONAL3,ADICIONALD1,ADICIONALD2,ADICIONALD3,CORES,ORDEMPROD,IDPRODUTOPAI,RAMOPROD,MAISPROD,DATAVENCIMENTO,DIASAVISOVENCIMENTO,DIASREPOSICAO,IDPARCEIROPROD,DESCRHTM,METAKEYWORDSPROD,MAXPARCELASPROD,XMLPARCELASPROD,CODBARRASPROD,EMBALAVEL,ISPRODUTOGRANDE,LARGURAPROD,ALTURAPROD,PROFUNDIDADEPROD,CODVIDEO,PRODMPN,TITLEPROD,URLPROD,VENDACONJUNTA,METADESCRIPTIONPROD,IDSFILTROITEM
"IDProduto não encontrado","A","Cubos",0,"604298-1/10","Conjunto 03 Cubos ( P,M e G )",2,05,"Conjunto 03 Cubos ( P,M e G )","","",False,1000,5,False,0,0,149,9,119,0,0,"03/01/2017","1/1/2049",True,False,"604298_1_10a.jpg","604298_1_10a.jpg","604298_1_10a.jpg","","","","","","",38370,0,"",0,"","",0,0,"","","",0,0,"",True,False,0,0,0,"","A","","","","",""
"Comando inválido","","","","","","","","","","","","","","","","","","","","","","","","","","","","","","","","","","","","","","","","","","","","","","","","","","","","","","","","","",""
"IDProduto não encontrado","A","Ganchos e Cabides",0,"P1201-25","Kit 2 ganchos decorativos grande - Promocional",0,71,"Kit 2 ganchos decorativos grande - Promocional","","",False,1000,5,False,0,0,79,9,68,9,0,0,"03/01/2017","1/1/2049",True,False,"p601201_25a.jpg","p601201_25a.jpg,p601201_25b.jpg,p601201_25c.jpg","p601201_25a.jpg,p601201_25b.jpg,p601201_25c.jpg","","","","","","",66765,0,"",0,"","",0,0,"","","",0,0,"",True,False,40,19,6,"","A","","","","",""
"Comando inválido","","","","","","","","","","","","","","","","","","","","","","","","","","","","","","","","","","","","","","","","","","","","","","","","","","","","","","","","","",""
"IDProduto não encontrado","A","Kits Lavanderia",0,"601469-1","KIT 1 Organizadores de Lavanderia Branco",0,"KIT 1 Organizadores de Lavanderia Branco","","",False,1000,5,False,0,0,0,0,0,0,"03/01/2017","1/1/2049",True,False,"601469_1a.jog","601469_1a.jog","601469_1a.jog","","","","","","",7250,0,"",0,"","",0,0,"","","",0,0,"",True,False,0,0,0,"","A","","","","",""
"IDProduto não encontrado","A","Kits Lavanderia",0,"601470-1","KIT 2 Organizadores de Lavanderia Branco",0,"KIT 2 Organizadores de Lavanderia Branco","","",False,1000,5,False,0,0,0,0,0,0,"03/01/2017","1/1/2049",True,False,"601470_1a.jog","601470_1a.jog","601470_1a.jog","","","","","","",7250,0,"",0,"","",0,0,"","","",0,0,"",True,False,0,0,0,"","A","","","","",""
"Comando inválido","","","","","","","","","","","","","","","","","","","","","","","","","","","","","","","","","","","","","","","","","","","","","","","","","","","","","","","","","",""
"IDProduto não encontrado","A","Kits Cozinha",0,"6013273-1","KIT 1 Fruteira com organizadores Branco",3,062,"KIT 1 Fruteira com organizadores Branco","","",False,1000,5,False,0,0,0,0,0,0,"03/01/2017","1/1/2049",True,False,"601473_1a.jog","601473_1a.jog","601473_1a.jog","","","","","","",7250,0,"",0,"","",0,0,"","","",0,0,"",True,False,0,0,0,"","A","","","","",""
"Comando inválido","","","","","","","","","","","","","","","","","","","","","","","","","","","","","","","","","","","","","","","","","","","","","","","","","","","","","","","","","",""
"IDProduto não encontrado","A","Kits Quarto",0,"6010191-1","KIT 1 para Quarto ou Closet Branco",4,126,"KIT 1 para Quarto ou Closet Branco","","",False,1000,5,False,0,0,0,0,0,0,"03/01/2017","1/1/2049",True,False,"6010191_1a.jog","6010191_1a.jog","6010191_1a.jog","","","","","","",7250,0,"",0,"","",0,0,"","","",0,0,"",True,False,0,0,0,"","A","","","","",""
"IDProduto não encontrado","A","Kits Quarto",0,"6010192-1","KIT 2 para Quarto ou Closet Branco",0,"KIT 2 para Quarto ou Closet Branco","","",False,1000,5,False,0,0,0,0,0,0,"03/01/2017","1/1/2049",True,False,"6010192_1a.jpg","6010192_1a.jpg","6010192_1a.jpg","","","","","","",7250,0,"",0,"","",0,0,"","","",0,0,"",True,False,0,0,0,"","A","","","","",""
"Comando inválido","","","","","","","","","","","","","","","","","","","","","","","","","","","","","","","","","","","","","","","","","","","","","","","","","","","","","","","","","",""
"IDProduto não encontrado","A","Kit de Prateleiras",0,6012281,"KIT 1 Prateleiras Linha EspaÃ§o Eco Metalic",0,"KIT 1 Prateleiras Linha EspaÃ§o Eco Metalic","","",False,1000,5,False,0,0,0,0,0,0,"03/01/2017","1/1/2049",True,False,"","","","","","","","","",7250,0,"",0,"","",0,0,"","","",0,0,"",True,False,0,0,0,"","A","","","","",""
"IDProduto não encontrado","A","Kit de Prateleiras",0,6012282,"KIT 2 Prateleiras Linha EspaÃ§o Eco Metalic",0,"KIT 2 Prateleiras Linha EspaÃ§o Eco Metalic","","",False,1000,5,False,0,0,0,0,0,0,"03/01/2017","1/1/2049",True,False,"","","","","","","","","",7250,0,"",0,"","",0,0,"","","",0,0,"",True,False,0,0,0,"","A","","","","",""
"IDProduto não encontrado","A","Kit de Prateleiras",0,6012283,"KIT 3 Prateleiras Linha EspaÃ§o Eco Metalic",0,"KIT 3 Prateleiras Linha EspaÃ§o Eco Metalic","","",False,1000,5,False,0,0,0,0,0,0,"03/01/2017","1/1/2049",True,False,"","","","","","","","","",7250,0,"",0,"","",0,0,"","","",0,0,"",True,False,0,0,0,"","A","","","","",""
"IDProduto não encontrado","A","Kit de Prateleiras",0,6012284,"KIT 4 Prateleiras Linha EspaÃ§o Eco Metalic",0,"KIT 4 Prateleiras Linha EspaÃ§o Eco Metalic","","",False,1000,5,False,0,0,0,0,0,0,"03/01/2017","1/1/2049",True,False,"","","","","","","","","",7250,0,"",0,"","",0,0,"","","",0,0,"",True,False,0,0,0,"","A","","","","",""
"IDProduto não encontrado","A","Kit de Prateleiras",0,6012285,"KIT 5 Prateleiras Linha EspaÃ§o Eco Metalic",0,"KIT 5 Prateleiras Linha EspaÃ§o Eco Metalic","","",False,1000,5,False,0,0,0,0,0,0,"03/01/2017","1/1/2049",True,False,"","","","","","","","","",7250,0,"",0,"","",0,0,"","","",0,0,"",True,False,0,0,0,"","A","","","","",""
"Comando inválido","","","","","","","","","","","","","","","","","","","","","","","","","","","","","","","","","","","","","","","","","","","","","","","","","","","","","","","","","",""
"IDProduto não encontrado","A","Cook Premium",0,"6013265-1/1","Cook Premium Kit 1 Branco/Branco",0,37,"Cook Premium Kit 1 Branco/Branco","","",False,1000,5,False,0,0,0,0,0,0,"03/01/2017","1/1/2049",True,True,"6013265_1_1a.jpg,6013265_1_1b.jpg,6013265_1_1c.jpg,6013265_1_1d.jpg","6013265_1_1a.jpg,6013265_1_1b.jpg,6013265_1_1c.jpg,6013265_1_1d.jpg","","","","","","","",38374,0,"",0,"","",0,0,"","","",0,0,"",True,False,38,6,5,3,5,"","A","","","","",""
"IDProduto não encontrado","A","Cook Premium",0,"6013265-1/27","Cook Premium Kit 1 Branco/Lavanda",0,37,"Cook Premium Kit 1 Branco/Lavanda","","",False,1000,5,False,0,0,0,0,0,0,"03/01/2017","1/1/2049",True,True,"6013265_1_27a.jpg,6013265_1_27b.jpg","6013265_1_27a.jpg,6013265_1_27b.jpg","","","","","","","",66755,0,"",0,"","",0,0,"","","",0,0,"",True,False,38,6,5,3,5,"","A","","","","",""
"IDProduto não encontrado","A","Cook Premium",0,"6013265-1/28","Cook Premium Kit 1 Branco/IpÃª",0,37,"Cook Premium Kit 1 Branco/IpÃª","","",False,1000,5,False,0,0,0,0,0,0,"03/01/2017","1/1/2049",True,True,"6013265_1_28a.jpg,6013265_1_28b.jpg","6013265_1_28a.jpg,6013265_1_28b.jpg","","","","","","","",66753,0,"",0,"","",0,0,"","","",0,0,"",True,False,38,6,5,3,5,"","A","","","","",""
"IDProduto não encontrado","A","Cook Premium",0,"6013265-1/29","Cook Premium Kit 1 Branco/Alecrim",0,37,"Cook Premium Kit 1 Branco/Alecrim","","",False,1000,5,False,0,0,0,0,0,0,"03/01/2017","1/1/2049",True,True,"6013265_1_29a.jpg,6013265_1_29b.jpg","6013265_1_29a.jpg,6013265_1_29b.jpg","","","","","","","",66754,0,"",0,"","",0,0,"","","",0,0,"",True,False,38,6,5,3,5,"","A","","","","",""
"IDProduto não encontrado","A","Cook Premium",0,"6013265-1/30","Cook Premium Kit 1 Branco/Pitanga",0,37,"Cook Premium Kit 1 Branco/Pitanga","","",False,1000,5,False,0,0,0,0,0,0,"03/01/2017","1/1/2049",True,True,"6013265_1_30a.jpg,6013265_1_30b.jpg","6013265_1_30a.jpg,6013265_1_30b.jpg","","","","","","","",66756,0,"",0,"","",0,0,"","","",0,0,"",True,False,38,6,5,3,5,"","A","","","","",""
"IDProduto não encontrado","A","Cook Premium",0,"6013265-2/2","Cook Premium Kit 1 Preto/Preto",0,37,"Cook Premium Kit 1 Preto/Preto","","",False,1000,5,False,0,0,0,0,0,0,"03/01/2017","1/1/2049",True,True,"6013265_2_2a.jpg,6013265_2_2b.jpg","6013265_2_2a.jpg,6013265_2_2b.jpg","","","","","","","",38710,0,"",0,"","",0,0,"","","",0,0,"",True,False,38,6,5,3,5,"","A","","","","",""
"IDProduto não encontrado","A","Cook Premium",0,"6013265-25/1","Cook Premium Kit 1 Cobre/Branco",0,37,"Cook Premium Kit 1 Cobre/Branco","","",False,1000,5,False,0,0,0,0,0,0,"03/01/2017","1/1/2049",True,True,"6013265_25_1a.jpg,6013265_25_1b.jpg","6013265_25_1a.jpg,6013265_25_1b.jpg","","","","","","","",66757,0,"",0,"","",0,0,"","","",0,0,"",True,False,38,6,5,3,5,"","A","","","","",""
"IDProduto não encontrado","A","Cook Premium",0,"6013265-25/2","Cook Premium Kit 1 Cobre/Preto",0,37,"Cook Premium Kit 1 Cobre/Preto","","",False,1000,5,False,0,0,0,0,0,0,"03/01/2017","1/1/2049",True,True,"6013265_25_2a.jpg,6013265_25_2b.jpg","6013265_25_2a.jpg,6013265_25_2b.jpg","","","","","","","",66758,0,"",0,"","",0,0,"","","",0,0,"",True,False,38,6,5,3,5,"","A","","","","",""
"IDProduto não encontrado","A","Cook Premium",0,"6013265-26/30","Cook Premium Kit 1 Eco Metalic/Pitanga",0,37,"Cook Premium Kit 1 Eco Metalic/Pitanga","","",False,1000,5,False,0,0,0,0,0,0,"03/01/2017","1/1/2049",True,True,"6013265_26_30a.jpg,6013265_26_30b.jpg","6013265_26_30a.jpg,6013265_26_30b.jpg","","","","","","","",66762,0,"",0,"","",0,0,"","","",0,0,"",True,False,38,6,5,3,5,"","A","","","","",""
"IDProduto não encontrado","A","Cook Premium",0,"6013266-1/1","Cook Premium Kit 2 Branco/Branco",0,57,"Cook Premium Kit 2 Branco/Branco","","",False,1000,5,False,0,0,0,0,0,0,"03/01/2017","1/1/2049",True,True,"6013266_1_1a.jpg,6013266_1_1b.jpg","6013266_1_1a.jpg,6013266_1_1b.jpg","","","","","","","",38374,0,"",0,"","",0,0,"","","",0,0,"",True,False,75,20,8,5,"","A","","","","",""
"IDProduto não encontrado","A","Cook Premium",0,"6013266-1/27","Cook Premium Kit 2 Branco/Lavanda",0,57,"Cook Premium Kit 2 Branco/Lavanda","","",False,1000,5,False,0,0,0,0,0,0,"03/01/2017","1/1/2049",True,True,"6013266_1_27a.jpg,6013266_1_27b.jpg","6013266_1_27a.jpg,6013266_1_27b.jpg","","","","","","","",66755,0,"",0,"","",0,0,"","","",0,0,"",True,False,75,20,8,5,"","A","","","","",""
"IDProduto não encontrado","A","Cook Premium",0,"6013266-1/28","Cook Premium Kit 2 Branco/IpÃª",0,57,"Cook Premium Kit 2 Branco/IpÃª","","",False,1000,5,False,0,0,0,0,0,0,"03/01/2017","1/1/2049",True,True,"6013266_1_28a.jpg,6013266_1_28b.jpg","6013266_1_28a.jpg,6013266_1_28b.jpg","","","","","","","",66753,0,"",0,"","",0,0,"","","",0,0,"",True,False,75,20,8,5,"","A","","","","",""
"IDProduto não encontrado","A","Cook Premium",0,"6013266-1/29","Cook Premium Kit 2 Branco/Alecrim",0,57,"Cook Premium Kit 2 Branco/Alecrim","","",False,1000,5,False,0,0,0,0,0,0,"03/01/2017","1/1/2049",True,True,"6013266_1_29a.jpg,6013266_1_29b.jpg","6013266_1_29a.jpg,6013266_1_29b.jpg","","","","","","","",66754,0,"",0,"","",0,0,"","","",0,0,"",True,False,75,20,8,5,"","A","","","","",""
"IDProduto não encontrado","A","Cook Premium",0,"6013266-1/30","Cook Premium Kit 2 Branco/Pitanga",0,57,"Cook Premium Kit 2 Branco/Pitanga","","",False,1000,5,False,0,0,0,0,0,0,"03/01/2017","1/1/2049",True,True,"6013266_1_30a.jpg,6013266_1_30b.jpg","6013266_1_30a.jpg,6013266_1_30b.jpg","","","","","","","",66756,0,"",0,"","",0,0,"","","",0,0,"",True,False,75,20,8,5,"","A","","","","",""
"IDProduto não encontrado","A","Cook Premium",0,"6013266-2/2","Cook Premium Kit 2 Preto/Preto",0,57,"Cook Premium Kit 2 Preto/Preto","","",False,1000,5,False,0,0,0,0,0,0,"03/01/2017","1/1/2049",True,True,"6013266_2_2a.jpg,6013266_2_2b.jpg","6013266_2_2a.jpg,6013266_2_2b.jpg","","","","","","","",38710,0,"",0,"","",0,0,"","","",0,0,"",True,False,75,20,8,5,"","A","","","","",""
"IDProduto não encontrado","A","Cook Premium",0,"6013266-25/1","Cook Premium Kit 2 Cobre/Branco",0,57,"Cook Premium Kit 2 Cobre/Branco","","",False,1000,5,False,0,0,0,0,0,0,"03/01/2017","1/1/2049",True,True,"6013266_25_1a.jpg,6013266_25_1b.jpg","6013266_25_1a.jpg,6013266_25_1b.jpg","","","","","","","",66757,0,"",0,"","",0,0,"","","",0,0,"",True,False,75,20,8,5,"","A","","","","",""
"IDProduto não encontrado","A","Cook Premium",0,"6013266-25/2","Cook Premium Kit 2 Cobre/Preto",0,57,"Cook Premium Kit 2 Cobre/Preto","","",False,1000,5,False,0,0,0,0,0,0,"03/01/2017","1/1/2049",True,True,"6013266_25_2a.jpg,6013266_25_2b.jpg","6013266_25_2a.jpg,6013266_25_2b.jpg","","","","","","","",66758,0,"",0,"","",0,0,"","","",0,0,"",True,False,75,20,8,5,"","A","","","","",""
"IDProduto não encontrado","A","Cook Premium",0,"6013266-26/30","Cook Premium Kit 2 Eco Metalic/Pitanga",0,57,"Cook Premium Kit 2 Eco Metalic/Pitanga","","",False,1000,5,False,0,0,0,0,0,0,"03/01/2017","1/1/2049",True,True,"6013266_26_30a.jpg,6013266_26_30b.jpg","6013266_26_30a.jpg,6013266_26_30b.jpg","","","","","","","",66762,0,"",0,"","",0,0,"","","",0,0,"",True,False,75,20,8,5,"","A","","","","",""
"IDProduto não encontrado","A","Cook Premium",0,"6013267-1/1","Cook Premium Kit 3 Branco/Branco",1,15,"Cook Premium Kit 3 Branco/Branco","","",False,1000,5,False,0,0,0,0,0,0,"03/01/2017","1/1/2049",True,True,"6013267_1_1a.jpg,6013267_1_1b.jpg","6013267_1_1a.jpg,6013267_1_1b.jpg","","","","","","","",38374,0,"",0,"","",0,0,"","","",0,0,"",True,False,75,34,26,5,"","A","","","","",""
"IDProduto não encontrado","A","Cook Premium",0,"6013267-1/27","Cook Premium Kit 3 Branco/Lavanda",1,15,"Cook Premium Kit 3 Branco/Lavanda","","",False,1000,5,False,0,0,0,0,0,0,"03/01/2017","1/1/2049",True,True,"6013267_1_27a.jpg,6013267_1_27b.jpg","6013267_1_27a.jpg,6013267_1_27b.jpg","","","","","","","",66755,0,"",0,"","",0,0,"","","",0,0,"",True,False,75,34,26,5,"","A","","","","",""
"IDProduto não encontrado","A","Cook Premium",0,"6013267-1/28","Cook Premium Kit 3 Branco/IpÃª",1,15,"Cook Premium Kit 3 Branco/IpÃª","","",False,1000,5,False,0,0,0,0,0,0,"03/01/2017","1/1/2049",True,True,"6013267_1_28a.jpg,6013267_1_28b.jpg","6013267_1_28a.jpg,6013267_1_28b.jpg","","","","","","","",66753,0,"",0,"","",0,0,"","","",0,0,"",True,False,75,34,26,5,"","A","","","","",""
"IDProduto não encontrado","A","Cook Premium",0,"6013267-1/29","Cook Premium Kit 3 Branco/Alecrim",1,15,"Cook Premium Kit 3 Branco/Alecrim","","",False,1000,5,False,0,0,0,0,0,0,"03/01/2017","1/1/2049",True,True,"6013267_1_29a.jpg,6013267_1_29b.jpg","6013267_1_29a.jpg,6013267_1_29b.jpg","","","","","","","",66754,0,"",0,"","",0,0,"","","",0,0,"",True,False,75,34,26,5,"","A","","","","",""
"IDProduto não encontrado","A","Cook Premium",0,"6013267-1/30","Cook Premium Kit 3 Branco/Pitanga",1,15,"Cook Premium Kit 3 Branco/Pitanga","","",False,1000,5,False,0,0,0,0,0,0,"03/01/2017","1/1/2049",True,True,"6013267_1_30a.jpg,6013267_1_30b.jpg","6013267_1_30a.jpg,6013267_1_30b.jpg","","","","","","","",66756,0,"",0,"","",0,0,"","","",0,0,"",True,False,75,34,26,5,"","A","","","","",""
"IDProduto não encontrado","A","Cook Premium",0,"6013267-2/2","Cook Premium Kit 3 Preto/Preto",1,15,"Cook Premium Kit 3 Preto/Preto","","",False,1000,5,False,0,0,0,0,0,0,"03/01/2017","1/1/2049",True,True,"6013267_2_2a.jpg,6013267_2_2b.jpg","6013267_2_2a.jpg,6013267_2_2b.jpg","","","","","","","",38710,0,"",0,"","",0,0,"","","",0,0,"",True,False,75,34,26,5,"","A","","","","",""
"IDProduto não encontrado","A","Cook Premium",0,"6013267-25/1","Cook Premium Kit 3 Cobre/Branco",1,15,"Cook Premium Kit 3 Cobre/Branco","","",False,1000,5,False,0,0,0,0,0,0,"03/01/2017","1/1/2049",True,True,"6013267_25_1a.jpg,6013267_25_1b.jpg","6013267_25_1a.jpg,6013267_25_1b.jpg","","","","","","","",66757,0,"",0,"","",0,0,"","","",0,0,"",True,False,75,34,26,5,"","A","","","","",""
"IDProduto não encontrado","A","Cook Premium",0,"6013267-25/2","Cook Premium Kit 3 Cobre/Preto",1,15,"Cook Premium Kit 3 Cobre/Preto","","",False,1000,5,False,0,0,0,0,0,0,"03/01/2017","1/1/2049",True,True,"6013267_25_2a.jpg,6013267_25_2b.jpg","6013267_25_2a.jpg,6013267_25_2b.jpg","","","","","","","",66758,0,"",0,"","",0,0,"","","",0,0,"",True,False,75,34,26,5,"","A","","","","",""
"IDProduto não encontrado","A","Cook Premium",0,"6013267-26/30","Cook Premium Kit 3 Eco Metalic/Pitanga",1,15,"Cook Premium Kit 3 Eco Metalic/Pitanga","","",False,1000,5,False,0,0,0,0,0,0,"03/01/2017","1/1/2049",True,True,"6013267_26_30a.jpg,6013267_26_30b.jpg","6013267_26_30a.jpg,6013267_26_30b.jpg","","","","","","","",66762,0,"",0,"","",0,0,"","","",0,0,"",True,False,75,34,26,5,"","A","","","","",""
"IDProduto não encontrado","A","Cook Premium",0,"6013268-1/1","Cook Premium Kit 4 Branco/Branco",1,11,"Cook Premium Kit 4 Branco/Branco","","",False,1000,5,False,0,0,0,0,0,0,"03/01/2017","1/1/2049",True,True,"6013268_1_1a.jpg,6013268_1_1b.jpg","6013268_1_1a.jpg,6013268_1_1b.jpg","","","","","","","",38374,0,"",0,"","",0,0,"","","",0,0,"",True,False,75,34,26,5,"","A","","","","",""
"IDProduto não encontrado","A","Cook Premium",0,"6013268-1/27","Cook Premium Kit 4 Branco/Lavanda",1,11,"Cook Premium Kit 4 Branco/Lavanda","","",False,1000,5,False,0,0,0,0,0,0,"03/01/2017","1/1/2049",True,True,"6013268_1_27a.jpg,6013268_1_27b.jpg","6013268_1_27a.jpg,6013268_1_27b.jpg","","","","","","","",66755,0,"",0,"","",0,0,"","","",0,0,"",True,False,75,34,26,5,"","A","","","","",""
"IDProduto não encontrado","A","Cook Premium",0,"6013268-1/28","Cook Premium Kit 4 Branco/IpÃª",1,11,"Cook Premium Kit 4 Branco/IpÃª","","",False,1000,5,False,0,0,0,0,0,0,"03/01/2017","1/1/2049",True,True,"6013268_1_28a.jpg,6013268_1_28b.jpg","6013268_1_28a.jpg,6013268_1_28b.jpg","","","","","","","",66753,0,"",0,"","",0,0,"","","",0,0,"",True,False,75,34,26,5,"","A","","","","",""
"IDProduto não encontrado","A","Cook Premium",0,"6013268-1/29","Cook Premium Kit 4 Branco/Alecrim",1,11,"Cook Premium Kit 4 Branco/Alecrim","","",False,1000,5,False,0,0,0,0,0,0,"03/01/2017","1/1/2049",True,True,"6013268_1_29a.jpg,6013268_1_29b.jpg","6013268_1_29a.jpg,6013268_1_29b.jpg","","","","","","","",66754,0,"",0,"","",0,0,"","","",0,0,"",True,False,75,34,26,5,"","A","","","","",""
"IDProduto não encontrado","A","Cook Premium",0,"6013268-1/30","Cook Premium Kit 4 Branco/Pitanga",1,11,"Cook Premium Kit 4 Branco/Pitanga","","",False,1000,5,False,0,0,0,0,0,0,"03/01/2017","1/1/2049",True,True,"6013268_1_30a.jpg,6013268_1_30b.jpg","6013268_1_30a.jpg,6013268_1_30b.jpg","","","","","","","",66756,0,"",0,"","",0,0,"","","",0,0,"",True,False,75,34,26,5,"","A","","","","",""
"IDProduto não encontrado","A","Cook Premium",0,"6013268-2/2","Cook Premium Kit 4 Preto/Preto",1,11,"Cook Premium Kit 4 Preto/Preto","","",False,1000,5,False,0,0,0,0,0,0,"03/01/2017","1/1/2049",True,True,"6013268_2_2a.jpg,6013268_2_2b.jpg","6013268_2_2a.jpg,6013268_2_2b.jpg","","","","","","","",38710,0,"",0,"","",0,0,"","","",0,0,"",True,False,75,34,26,5,"","A","","","","",""
"IDProduto não encontrado","A","Cook Premium",0,"6013268-25/1","Cook Premium Kit 4 Cobre/Branco",1,11,"Cook Premium Kit 4 Cobre/Branco","","",False,1000,5,False,0,0,0,0,0,0,"03/01/2017","1/1/2049",True,True,"6013268_25_1a.jpg,6013268_25_1b.jpg","6013268_25_1a.jpg,6013268_25_1b.jpg","","","","","","","",66757,0,"",0,"","",0,0,"","","",0,0,"",True,False,75,34,26,5,"","A","","","","",""
"IDProduto não encontrado","A","Cook Premium",0,"6013268-25/2","Cook Premium Kit 4 Cobre/Preto",1,11,"Cook Premium Kit 4 Cobre/Preto","","",False,1000,5,False,0,0,0,0,0,0,"03/01/2017","1/1/2049",True,True,"6013268_25_2a.jpg,6013268_25_2b.jpg","6013268_25_2a.jpg,6013268_25_2b.jpg","","","","","","","",66758,0,"",0,"","",0,0,"","","",0,0,"",True,False,75,34,26,5,"","A","","","","",""
"IDProduto não encontrado","A","Cook Premium",0,"6013268-26/30","Cook Premium Kit 4 Eco Metalic/Pitanga",1,11,"Cook Premium Kit 4 Eco Metalic/Pitanga","","",False,1000,5,False,0,0,0,0,0,0,"03/01/2017","1/1/2049",True,True,"6013268_26_30a.jpg,6013268_26_30b.jpg","6013268_26_30a.jpg,6013268_26_30b.jpg","","","","","","","",66762,0,"",0,"","",0,0,"","","",0,0,"",True,False,75,34,26,5,"","A","","","","",""
"IDProduto não encontrado","A","Cook Premium",0,"6013269-1/1","Cook Premium Kit 5 Branco/Branco",1,68,"Cook Premium Kit 5 Branco/Branco","","",False,1000,5,False,0,0,0,0,0,0,"03/01/2017","1/1/2049",True,True,"6013269_1_1a.jpg,6013269_1_1b.jpg","6013269_1_1a.jpg,6013269_1_1b.jpg","","","","","","","",38374,0,"",0,"","",0,0,"","","",0,0,"",True,False,110,5,34,26,5,"","A","","","","",""
"IDProduto não encontrado","A","Cook Premium",0,"6013269-1/27","Cook Premium Kit 5 Branco/Lavanda",1,68,"Cook Premium Kit 5 Branco/Lavanda","","",False,1000,5,False,0,0,0,0,0,0,"03/01/2017","1/1/2049",True,True,"6013269_1_27a.jpg,6013269_1_27b.jpg","6013269_1_27a.jpg,6013269_1_27b.jpg","","","","","","","",66755,0,"",0,"","",0,0,"","","",0,0,"",True,False,110,5,34,26,5,"","A","","","","",""
"IDProduto não encontrado","A","Cook Premium",0,"6013269-1/28","Cook Premium Kit 5 Branco/IpÃª",1,68,"Cook Premium Kit 5 Branco/IpÃª","","",False,1000,5,False,0,0,0,0,0,0,"03/01/2017","1/1/2049",True,True,"6013269_1_28a.jpg,6013269_1_28b.jpg","6013269_1_28a.jpg,6013269_1_28b.jpg","","","","","","","",66753,0,"",0,"","",0,0,"","","",0,0,"",True,False,110,5,34,26,5,"","A","","","","",""
"IDProduto não encontrado","A","Cook Premium",0,"6013269-1/29","Cook Premium Kit 5 Branco/Alecrim",1,68,"Cook Premium Kit 5 Branco/Alecrim","","",False,1000,5,False,0,0,0,0,0,0,"03/01/2017","1/1/2049",True,True,"6013269_1_29a.jpg,6013269_1_29b.jpg","6013269_1_29a.jpg,6013269_1_29b.jpg","","","","","","","",66754,0,"",0,"","",0,0,"","","",0,0,"",True,False,110,5,34,26,5,"","A","","","","",""
"IDProduto não encontrado","A","Cook Premium",0,"6013269-1/30","Cook Premium Kit 5 Branco/Pitanga",1,68,"Cook Premium Kit 5 Branco/Pitanga","","",False,1000,5,False,0,0,0,0,0,0,"03/01/2017","1/1/2049",True,True,"6013269_1_30a.jpg,6013269_1_30b.jpg","6013269_1_30a.jpg,6013269_1_30b.jpg","","","","","","","",66756,0,"",0,"","",0,0,"","","",0,0,"",True,False,110,5,34,26,5,"","A","","","","",""
"IDProduto não encontrado","A","Cook Premium",0,"6013269-2/2","Cook Premium Kit 5 Preto/Preto",1,68,"Cook Premium Kit 5 Preto/Preto","","",False,1000,5,False,0,0,0,0,0,0,"03/01/2017","1/1/2049",True,True,"6013269_2_2a.jpg,6013269_2_2b.jpg","6013269_2_2a.jpg,6013269_2_2b.jpg","","","","","","","",38710,0,"",0,"","",0,0,"","","",0,0,"",True,False,110,5,34,26,5,"","A","","","","",""
"IDProduto não encontrado","A","Cook Premium",0,"6013269-25/1","Cook Premium Kit 5 Cobre/Branco",1,68,"Cook Premium Kit 5 Cobre/Branco","","",False,1000,5,False,0,0,0,0,0,0,"03/01/2017","1/1/2049",True,True,"6013269_25_1a.jpg,6013269_25_1b.jpg","6013269_25_1a.jpg,6013269_25_1b.jpg","","","","","","","",66757,0,"",0,"","",0,0,"","","",0,0,"",True,False,110,5,34,26,5,"","A","","","","",""
"IDProduto não encontrado","A","Cook Premium",0,"6013269-25/2","Cook Premium Kit 5 Cobre/Preto",1,68,"Cook Premium Kit 5 Cobre/Preto","","",False,1000,5,False,0,0,0,0,0,0,"03/01/2017","1/1/2049",True,True,"6013269_25_2a.jpg,6013269_25_2b.jpg","6013269_25_2a.jpg,6013269_25_2b.jpg","","","","","","","",66758,0,"",0,"","",0,0,"","","",0,0,"",True,False,110,5,34,26,5,"","A","","","","",""
"IDProduto não encontrado","A","Cook Premium",0,"6013269-26/30","Cook Premium Kit 5 Eco Metalic/Pitanga",1,68,"Cook Premium Kit 5 Eco Metalic/Pitanga","","",False,1000,5,False,0,0,0,0,0,0,"03/01/2017","1/1/2049",True,True,"6013269_26_30a.jpg,6013269_26_30b.jpg","6013269_26_30a.jpg,6013269_26_30b.jpg","","","","","","","",66762,0,"",0,"","",0,0,"","","",0,0,"",True,False,110,5,34,26,5,"","A","","","","",""
"IDProduto não encontrado","A","Cook Premium",0,"6013270-1/1","Cook Premium Kit 6 Branco/Branco",1,43,"Cook Premium Kit 6 Branco/Branco","","",False,1000,5,False,0,0,0,0,0,0,"03/01/2017","1/1/2049",True,True,"6013270_1_1a.jpg,6013270_1_1b.jpg","6013270_1_1a.jpg,6013270_1_1b.jpg","","","","","","","",38374,0,"",0,"","",0,0,"","","",0,0,"",True,False,110,5,34,26,5,"","A","","","","",""
"IDProduto não encontrado","A","Cook Premium",0,"6013270-1/27","Cook Premium Kit 6 Branco/Lavanda",1,43,"Cook Premium Kit 6 Branco/Lavanda","","",False,1000,5,False,0,0,0,0,0,0,"03/01/2017","1/1/2049",True,True,"6013270_1_27a.jpg,6013270_1_27b.jpg","6013270_1_27a.jpg,6013270_1_27b.jpg","","","","","","","",66755,0,"",0,"","",0,0,"","","",0,0,"",True,False,110,5,34,26,5,"","A","","","","",""
"IDProduto não encontrado","A","Cook Premium",0,"6013270-1/28","Cook Premium Kit 6 Branco/IpÃª",1,43,"Cook Premium Kit 6 Branco/IpÃª","","",False,1000,5,False,0,0,0,0,0,0,"03/01/2017","1/1/2049",True,True,"6013270_1_28a.jpg,6013270_1_28b.jpg","6013270_1_28a.jpg,6013270_1_28b.jpg","","","","","","","",66753,0,"",0,"","",0,0,"","","",0,0,"",True,False,110,5,34,26,5,"","A","","","","",""
"IDProduto não encontrado","A","Cook Premium",0,"6013270-1/29","Cook Premium Kit 6 Branco/Alecrim",1,43,"Cook Premium Kit 6 Branco/Alecrim","","",False,1000,5,False,0,0,0,0,0,0,"03/01/2017","1/1/2049",True,True,"6013270_1_29a.jpg,6013270_1_29b.jpg","6013270_1_29a.jpg,6013270_1_29b.jpg","","","","","","","",66754,0,"",0,"","",0,0,"","","",0,0,"",True,False,110,5,34,26,5,"","A","","","","",""
"IDProduto não encontrado","A","Cook Premium",0,"6013270-1/30","Cook Premium Kit 6 Branco/Pitanga",1,43,"Cook Premium Kit 6 Branco/Pitanga","","",False,1000,5,False,0,0,0,0,0,0,"03/01/2017","1/1/2049",True,True,"6013270_1_30a.jpg,6013270_1_30b.jpg","6013270_1_30a.jpg,6013270_1_30b.jpg","","","","","","","",66756,0,"",0,"","",0,0,"","","",0,0,"",True,False,110,5,34,26,5,"","A","","","","",""
"IDProduto não encontrado","A","Cook Premium",0,"6013270-2/2","Cook Premium Kit 6 Preto/Preto",1,43,"Cook Premium Kit 6 Preto/Preto","","",False,1000,5,False,0,0,0,0,0,0,"03/01/2017","1/1/2049",True,True,"6013270_2_2a.jpg,6013270_2_2b.jpg","6013270_2_2a.jpg,6013270_2_2b.jpg","","","","","","","",38710,0,"",0,"","",0,0,"","","",0,0,"",True,False,110,5,34,26,5,"","A","","","","",""
"IDProduto não encontrado","A","Cook Premium",0,"6013270-25/1","Cook Premium Kit 6 Cobre/Branco",1,43,"Cook Premium Kit 6 Cobre/Branco","","",False,1000,5,False,0,0,0,0,0,0,"03/01/2017","1/1/2049",True,True,"6013270_25_1a.jpg,6013270_25_1b.jpg","6013270_25_1a.jpg,6013270_25_1b.jpg","","","","","","","",66757,0,"",0,"","",0,0,"","","",0,0,"",True,False,110,5,34,26,5,"","A","","","","",""
"IDProduto não encontrado","A","Cook Premium",0,"6013270-25/2","Cook Premium Kit 6 Cobre/Preto",1,43,"Cook Premium Kit 6 Cobre/Preto","","",False,1000,5,False,0,0,0,0,0,0,"03/01/2017","1/1/2049",True,True,"6013270_25_2a.jpg,6013270_25_2b.jpg","6013270_25_2a.jpg,6013270_25_2b.jpg","","","","","","","",66758,0,"",0,"","",0,0,"","","",0,0,"",True,False,110,5,34,26,5,"","A","","","","",""
"IDProduto não encontrado","A","Cook Premium",0,"6013270-26/30","Cook Premium Kit 6 Eco Metalic/Pitanga",1,43,"Cook Premium Kit 6 Eco Metalic/Pitanga","","",False,1000,5,False,0,0,0,0,0,0,"03/01/2017","1/1/2049",True,True,"6013270_26_30a.jpg,6013270_26_30b.jpg","6013270_26_30a.jpg,6013270_26_30b.jpg","","","","","","","",66762,0,"",0,"","",0,0,"","","",0,0,"",True,False,110,5,34,26,5,"","A","","","","",""
"IDProduto não encontrado","A","Cook Premium",0,"6013271-1/1","Cook Premium Kit 7 Branco/Branco",1,9,"Cook Premium Kit 7 Branco/Branco","","",False,1000,5,False,0,0,0,0,0,0,"03/01/2017","1/1/2049",True,True,"6013271_1_1a.jpg,6013271_1_1b.jpg","6013271_1_1a.jpg,6013271_1_1b.jpg","","","","","","","",38374,0,"",0,"","",0,0,"","","",0,0,"",True,False,146,34,26,5,"","A","","","","",""
"IDProduto não encontrado","A","Cook Premium",0,"6013271-1/27","Cook Premium Kit 7 Branco/Lavanda",1,9,"Cook Premium Kit 7 Branco/Lavanda","","",False,1000,5,False,0,0,0,0,0,0,"03/01/2017","1/1/2049",True,True,"6013271_1_27a.jpg,6013271_1_27b.jpg","6013271_1_27a.jpg,6013271_1_27b.jpg","","","","","","","",66755,0,"",0,"","",0,0,"","","",0,0,"",True,False,146,34,26,5,"","A","","","","",""
"IDProduto não encontrado","A","Cook Premium",0,"6013271-1/28","Cook Premium Kit 7 Branco/IpÃª",1,9,"Cook Premium Kit 7 Branco/IpÃª","","",False,1000,5,False,0,0,0,0,0,0,"03/01/2017","1/1/2049",True,True,"6013271_1_28a.jpg,6013271_1_28b.jpg","6013271_1_28a.jpg,6013271_1_28b.jpg","","","","","","","",66753,0,"",0,"","",0,0,"","","",0,0,"",True,False,146,34,26,5,"","A","","","","",""
"IDProduto não encontrado","A","Cook Premium",0,"6013271-1/29","Cook Premium Kit 7 Branco/Alecrim",1,9,"Cook Premium Kit 7 Branco/Alecrim","","",False,1000,5,False,0,0,0,0,0,0,"03/01/2017","1/1/2049",True,True,"6013271_1_29a.jpg,6013271_1_29b.jpg","6013271_1_29a.jpg,6013271_1_29b.jpg","","","","","","","",66754,0,"",0,"","",0,0,"","","",0,0,"",True,False,146,34,26,5,"","A","","","","",""
"IDProduto não encontrado","A","Cook Premium",0,"6013271-1/30","Cook Premium Kit 7 Branco/Pitanga",1,9,"Cook Premium Kit 7 Branco/Pitanga","","",False,1000,5,False,0,0,0,0,0,0,"03/01/2017","1/1/2049",True,True,"6013271_1_30a.jpg,6013271_1_30b.jpg","6013271_1_30a.jpg,6013271_1_30b.jpg","","","","","","","",66756,0,"",0,"","",0,0,"","","",0,0,"",True,False,146,34,26,5,"","A","","","","",""
"IDProduto não encontrado","A","Cook Premium",0,"6013271-2/2","Cook Premium Kit 7 Preto/Preto",1,9,"Cook Premium Kit 7 Preto/Preto","","",False,1000,5,False,0,0,0,0,0,0,"03/01/2017","1/1/2049",True,True,"6013271_2_2a.jpg,6013271_2_2b.jpg","6013271_2_2a.jpg,6013271_2_2b.jpg","","","","","","","",38710,0,"",0,"","",0,0,"","","",0,0,"",True,False,146,34,26,5,"","A","","","","",""
"IDProduto não encontrado","A","Cook Premium",0,"6013271-25/1","Cook Premium Kit 7 Cobre/Branco",1,9,"Cook Premium Kit 7 Cobre/Branco","","",False,1000,5,False,0,0,0,0,0,0,"03/01/2017","1/1/2049",True,True,"6013271_25_1a.jpg,6013271_25_1b.jpg","6013271_25_1a.jpg,6013271_25_1b.jpg","","","","","","","",66757,0,"",0,"","",0,0,"","","",0,0,"",True,False,146,34,26,5,"","A","","","","",""
"IDProduto não encontrado","A","Cook Premium",0,"6013271-25/2","Cook Premium Kit 7 Cobre/Preto",1,9,"Cook Premium Kit 7 Cobre/Preto","","",False,1000,5,False,0,0,0,0,0,0,"03/01/2017","1/1/2049",True,True,"6013271_25_2a.jpg,6013271_25_2b.jpg","6013271_25_2a.jpg,6013271_25_2b.jpg","","","","","","","",66758,0,"",0,"","",0,0,"","","",0,0,"",True,False,146,34,26,5,"","A","","","","",""
"IDProduto não encontrado","A","Cook Premium",0,"6013271-26/30","Cook Premium Kit 7 Eco Metalic/Pitanga",1,9,"Cook Premium Kit 7 Eco Metalic/Pitanga","","",False,1000,5,False,0,0,0,0,0,0,"03/01/2017","1/1/2049",True,True,"6013271_26_30a.jpg,6013271_26_30b.jpg","6013271_26_30a.jpg,6013271_26_30b.jpg","","","","","","","",66762,0,"",0,"","",0,0,"","","",0,0,"",True,False,146,34,26,5,"","A","","","","",""
"IDProduto não encontrado","A","Cook Premium",0,"6013272-1/1","Cook Premium Kit 8 Branco/Branco",2,19,"Cook Premium Kit 8 Branco/Branco","","",False,1000,5,False,0,0,0,0,0,0,"03/01/2017","1/1/2049",True,True,"6013272_1_1a.jpg,6013272_1_1b.jpg","6013272_1_1a.jpg,6013272_1_1b.jpg","","","","","","","",38374,0,"",0,"","",0,0,"","","",0,0,"",True,False,182,5,34,26,5,"","A","","","","",""
"IDProduto não encontrado","A","Cook Premium",0,"6013272-1/27","Cook Premium Kit 8 Branco/Lavanda",2,19,"Cook Premium Kit 8 Branco/Lavanda","","",False,1000,5,False,0,0,0,0,0,0,"03/01/2017","1/1/2049",True,True,"6013272_1_27a.jpg,6013272_1_27b.jpg","6013272_1_27a.jpg,6013272_1_27b.jpg","","","","","","","",66755,0,"",0,"","",0,0,"","","",0,0,"",True,False,182,5,34,26,5,"","A","","","","",""
"IDProduto não encontrado","A","Cook Premium",0,"6013272-1/28","Cook Premium Kit 8 Branco/IpÃª",2,19,"Cook Premium Kit 8 Branco/IpÃª","","",False,1000,5,False,0,0,0,0,0,0,"03/01/2017","1/1/2049",True,True,"6013272_1_28a.jpg,6013272_1_28b.jpg","6013272_1_28a.jpg,6013272_1_28b.jpg","","","","","","","",66753,0,"",0,"","",0,0,"","","",0,0,"",True,False,182,5,34,26,5,"","A","","","","",""
"IDProduto não encontrado","A","Cook Premium",0,"6013272-1/29","Cook Premium Kit 8 Branco/Alecrim",2,19,"Cook Premium Kit 8 Branco/Alecrim","","",False,1000,5,False,0,0,0,0,0,0,"03/01/2017","1/1/2049",True,True,"6013272_1_29a.jpg,6013272_1_29b.jpg","6013272_1_29a.jpg,6013272_1_29b.jpg","","","","","","","",66754,0,"",0,"","",0,0,"","","",0,0,"",True,False,182,5,34,26,5,"","A","","","","",""
"IDProduto não encontrado","A","Cook Premium",0,"6013272-1/30","Cook Premium Kit 8 Branco/Pitanga",2,19,"Cook Premium Kit 8 Branco/Pitanga","","",False,1000,5,False,0,0,0,0,0,0,"03/01/2017","1/1/2049",True,True,"6013272_1_30a.jpg,6013272_1_30b.jpg","6013272_1_30a.jpg,6013272_1_30b.jpg","","","","","","","",66756,0,"",0,"","",0,0,"","","",0,0,"",True,False,182,5,34,26,5,"","A","","","","",""
"IDProduto não encontrado","A","Cook Premium",0,"6013272-2/2","Cook Premium Kit 8 Preto/Preto",2,19,"Cook Premium Kit 8 Preto/Preto","","",False,1000,5,False,0,0,0,0,0,0,"03/01/2017","1/1/2049",True,True,"6013272_2_2a.jpg,6013272_2_2b.jpg","6013272_2_2a.jpg,6013272_2_2b.jpg","","","","","","","",38710,0,"",0,"","",0,0,"","","",0,0,"",True,False,182,5,34,26,5,"","A","","","","",""
"IDProduto não encontrado","A","Cook Premium",0,"6013272-25/1","Cook Premium Kit 8 Cobre/Branco",2,19,"Cook Premium Kit 8 Cobre/Branco","","",False,1000,5,False,0,0,0,0,0,0,"03/01/2017","1/1/2049",True,True,"6013272_25_1a.jpg,6013272_25_1b.jpg","6013272_25_1a.jpg,6013272_25_1b.jpg","","","","","","","",66757,0,"",0,"","",0,0,"","","",0,0,"",True,False,182,5,34,26,5,"","A","","","","",""
"IDProduto não encontrado","A","Cook Premium",0,"6013272-25/2","Cook Premium Kit 8 Cobre/Preto",2,19,"Cook Premium Kit 8 Cobre/Preto","","",False,1000,5,False,0,0,0,0,0,0,"03/01/2017","1/1/2049",True,True,"6013272_25_2a.jpg,6013272_25_2b.jpg","6013272_25_2a.jpg,6013272_25_2b.jpg","","","","","","","",66758,0,"",0,"","",0,0,"","","",0,0,"",True,False,182,5,34,26,5,"","A","","","","",""
"IDProduto não encontrado","A","Cook Premium",0,"6013272-26/30","Cook Premium Kit 8 Eco Metalic/Pitanga",2,19,"Cook Premium Kit 8 Eco Metalic/Pitanga","","",False,1000,5,False,0,0,0,0,0,0,"03/01/2017","1/1/2049",True,True,"6013272_26_30a.jpg,6013272_26_30b.jpg","6013272_26_30a.jpg,6013272_26_30b.jpg","","","","","","","",66762,0,"",0,"","",0,0,"","","",0,0,"",True,False,182,5,34,26,5,"","A","","","","",""
